S&P_500_INDEX,FTSE_MIB_INDEX,GOLD_SPOT_$_OZ,MSCI_EM,MSCI_EURO,All_Bonds_TR,U.S._Treasury
0.001724781,-0.009532496,0.001769134,0.005093508,0.005513035,0.000325013,0.000872783
-0.002987,-0.018169171,0.002207369,-0.011227453,-0.002685129,0.002150146,-0.000380698
-0.010991417,-0.005447323,-0.00501874,-0.006610171,-0.002906944,0.001535682,0.000677091
-0.003293001,-0.001621733,0.00704901,0.01622422,-0.007182268,-0.000339925,-0.000768987
-0.004041086,-0.00895678,-0.003818437,-0.021890618,-0.0141014,0.001464934,0.001036613
-0.019016686,-0.01571615,0.004651842,-0.010536118,-0.004307068,0.001497664,0.002014751
0.003184949,0.010890452,0.000291145,-0.003142207,0.000701673,0.000848364,-0.000726526
-0.0149265,-0.002236213,0.00141496,-0.009051662,-0.002720918,0.000967643,0.001077736
0.004387959,0.015443521,-0.00414851,-0.005894117,0.001838665,-0.000506238,0.000223111
-0.004680551,0.000933806,-0.000190938,0.001577848,0.001296929,0.001838476,0.001352147
0.010885645,-0.001684858,-0.008523497,0.015264535,0.005894915,-0.001050876,-0.002201193
0.018314538,0.012594029,0.005186257,0.023352777,0.011822367,-0.000268079,0.001066203
-0.004176312,0.004819192,0.009225053,0.022425759,0.003573683,-0.000897139,-0.002689199
0.004945939,0.001514149,-0.000224186,0.001753072,0.003935336,-0.000348901,0.001480473
-0.005616284,-0.006286881,-0.007522772,-0.004249974,0.000399594,-0.001468524,-0.002690189
0.028002602,0.01647957,-0.001095831,0.003860279,0.002715475,0.000900865,0.001516219
0.000477128,-0.007402397,0.004019136,-0.00198688,0.000753344,-0.002291932,-0.002440754
-0.001131406,-0.003544472,-0.012633089,-0.018039583,0.001122794,0.000894573,0.002417829
-0.015767744,-0.013898666,-0.007934979,-0.010175106,-0.005304625,0.00067999,-0.002810006
-0.012893764,0.005918804,-0.002895332,-0.002565838,-0.00098172,0.000506809,0.002975478
-0.003433303,-0.002601408,0.007390663,0.005059459,-0.002307753,-0.000774583,-0.000538901
0.002878105,-0.009688968,0.001968739,0.011314311,-0.002399665,0.001410594,0.002361846
0.007642138,-0.003295704,0.005268886,0.007890799,-0.00096462,0.001203405,0.000580938
-0.008612784,-0.00394844,0.004623584,0.002094867,-0.005677642,0.000450159,0.00320339
-0.014824166,-0.012144173,0.000808438,-0.012091957,-0.010002626,-0.000735546,-0.000160879
-0.014573016,0.004738339,-0.000446865,-0.004883556,-0.002521879,0.000566156,0.0008478
0.004080683,-0.000882786,0.002328248,0.001931221,-0.000421907,0.001198527,0.000955323
-0.002142798,0.001464368,0.002583938,-0.004934088,-0.001622055,-0.000200899,0.000509767
0.009024436,0.028399323,-0.005793229,0.003549124,0.013310143,-0.00076228,0.000415909
0.002062355,-0.003722576,-0.005316504,0.008435734,-0.002653437,0.00170458,-0.000609494
0.020132503,0.000373181,0.001797717,0.008558164,0.003572045,-0.001171758,0.000101045
0.004360317,0.000634523,0.00325574,0.010256373,0.003726641,0.001055342,0.000670748
0.006113347,0.001399712,-0.001339927,-0.003653247,-0.005007568,0.001256637,0.0005354
0.004811856,0.018992322,0.004703896,0.014932121,0.007281825,0.000105132,0.000253433
-0.008142426,-0.004533134,0.005885401,0.007088583,0.003605756,0.000747438,0.001497458
-0.011761755,-0.008290417,0.005472118,-0.015279102,-0.01341752,0.001650862,0.001191539
-0.011985228,-0.027440763,-0.003019206,-0.021004678,-0.013349016,0.001863464,0.002283668
-0.000827831,-0.003351985,0.004805667,-0.004185326,-0.018255122,-1.25082E-05,0.001078404
-0.014283944,-0.01113893,0.005448151,-0.012828122,-0.011435791,0.001313821,0.002627765
0.000521246,0.001555207,-0.002884198,-0.002180224,-0.000873491,0.000715769,-0.000597539
0.00247598,0.023556132,-0.003910545,0.012886246,0.017133668,0.000693313,0.001191406
0.001543826,0.000304312,0.00202701,0.012535642,0.006581532,-0.001247003,-0.001204456
-0.005702555,0.002645077,-0.000307885,-0.01123742,0.002614773,0.000597415,0.002004791
-0.028384337,-0.019020808,-0.003673084,-0.006955502,-0.008265793,-0.001078709,0.000243536
-0.005770782,0.002404667,0.007246087,-0.008187259,-0.011000453,0.001816173,0.001387224
-0.007690343,0.008169479,0.000226704,0.004104503,-0.002523354,-0.001936213,0.001513793
-0.015606088,-0.006330234,0.002433029,-0.004860426,-0.002812722,0.00101081,0.001598839
-0.015550789,-0.018157902,0.004133756,-0.00524573,-0.012530917,0.000134224,0.000413052
-0.026642985,0.001194466,0.009567081,-0.002872632,0.000475476,0.000210157,0.000862423
-0.011995712,-0.001848337,-0.000177406,-0.001269903,-0.011532271,-0.000826918,0.000820609
0.024049877,0.002667466,-0.001128156,-0.002497714,-0.000198551,0.000753709,-0.000670189
0.02754599,-0.017022874,0.006972762,0.002679512,-0.004598681,0.000247529,0.00149543
0.00927059,0.008521212,0.000976079,0.008332322,0.002369586,-0.000119618,0.000911225
-0.000605062,0.003429157,0.006450089,0.007474331,0.010071619,-0.00019114,0.002126049
-0.002329245,0.001345365,-0.003074272,-0.000618717,-0.000165983,0.000104633,-0.00059528
0.005557309,-0.001385144,0.002188512,-0.008941184,0.002494928,0.001691771,0.0013003
-0.012783149,-0.006145135,0.004617006,-0.009038694,-0.004134195,0.000770681,0.00183409
0.009140907,0.029230399,0.00069434,0.011503472,0.003673859,-0.000185445,0.001718486
0.012238007,0.01048603,-0.00326475,0.017377718,0.012642708,-0.001007923,-0.001579627
0.024975284,0.003200676,-0.000653783,-4.45607E-05,0.001241878,0.000222756,-0.001379939
-0.005707627,0.00660202,0.004375376,0.01475689,0.013090131,0.000843949,0.001508246
0.003602612,0.007429782,-0.000745264,0.009935209,0.002373791,-0.00033747,-0.002692892
0.004969345,0.001506669,-0.003158753,3.26742E-05,-0.003739749,-0.001111001,0.001242908
-0.006063407,-0.005962354,0.004078365,-0.006445926,0.000561283,0.001468573,-0.003149622
0.009155656,-0.000903429,-0.000959701,0.005654227,-0.002625525,0.001506221,0.003423195
-0.00366256,0.011189698,0.002448625,0.007751511,0.004729444,-0.001079489,-0.001519799
0.019490357,0.007125419,-0.003291173,0.002537578,0.003889685,0.000196916,-0.000672785
0.000711053,0.005843143,0.000100262,0.004511338,0.003179151,-0.001242738,-0.003525919
0.008575172,0.000467972,-0.007471801,0.004993503,0.011215766,0.000396648,0.001022717
-0.007102029,-0.010089979,0.001805613,-0.0082574,-0.004301538,0.00021094,-0.0002082
-0.006626877,-0.001486247,0.002409799,-0.000513356,0.002327381,-3.788E-05,0.000951716
1.43159E-05,0.00495448,-0.001563569,0.005537891,-0.000946416,0.001036474,0.000849774
0.006990934,0.01385615,0.00726593,0.012613008,0.007150456,0.000534024,-0.000210354
0.002396761,-0.007047954,0.010729506,0.001380363,0.005176409,0.000502286,0.000985052
-0.005359708,0.002475971,0.004405344,-0.002222577,-0.00183034,-3.81954E-05,-0.000315535
0.004905565,0.001567359,0.000723296,0.00650404,0.003909032,0.000518884,0.001710696
0.012464949,0.000911572,0.006507239,0.012521572,-0.000771423,0.001307913,-0.00052788
0.007262957,-0.006184642,0.003181486,0.002318255,-0.001583643,0.000279164,0.001819478
0.000148409,-0.002341339,-0.011201081,-0.002647482,0.003336567,-0.000843612,1.80131E-05
0.007478322,0.011654953,0.002744961,0.001687754,0.006132336,0.001072781,0.000829535
-3.28398E-05,0.008549517,-0.002025383,0.000155773,0.008183772,8.18275E-05,0.000444233
-0.003509587,-0.01873926,-0.002286762,-0.007529965,-0.008606554,0.00134441,-0.000671338
-0.006658462,-0.014218332,-0.000391217,-0.006068605,-0.010409624,0.000641003,0.001088849
0.000198253,0.01215637,0.002651644,-0.001997576,0.000180641,0.000158542,0.000532683
0.01114452,0.010818843,-0.001556616,0.006649889,0.000200841,0.000235301,0.001032359
0.005573864,0.011969619,-0.004404871,0.002621398,0.009357756,-0.000168894,4.53794E-05
0.000613095,-0.007920641,0.005888414,-0.003741794,0.003161419,0.001066228,-0.00088367
0.003954117,0.014176955,0.005807452,-0.006841478,0.005309507,0.000389947,-0.001013202
0.002660133,0.009665436,0.004962974,0.002192391,0.008694591,-0.001250473,0.000620301
0.004219882,-0.002965778,0.00841513,0.002477334,-0.003185054,3.08963E-05,0.000639871
-0.001526319,0.000968615,0.002067216,0.008833174,0.007231508,0.001207045,0.001930062
0.001637272,-0.003404602,-0.006330105,0.004914779,0.004211213,-0.000704883,-0.001313934
0.000625901,0.003097011,-0.004742341,0.006012138,-0.000927858,-9.06446E-06,-0.000125543
0.004109047,0.006546091,0.002005404,0.008447974,0.002830776,-0.001230392,-0.001542479
0.001201056,0.002604193,0.003844953,0.000492942,0.000175261,0.001368217,0.00174844
-0.003104023,0.000173774,-0.007388611,-0.00676669,0.000813879,-0.001932176,-0.001258426
0.000727376,0.009163704,-0.007858486,-0.007207244,0.004358616,-0.001182553,0.000712444
0.000491857,0.001250149,-0.008114046,-0.003619549,-0.000528974,-0.001181561,-0.002946272
0.00088037,0.001234065,-0.01178946,0.003988569,0.00445309,0.000369146,0.002274356
0.000537909,0.001535464,-0.00157645,0.002002559,0.004465138,-0.00188702,-0.00335989
-0.00765191,0.0035992,0.002345177,0.000368118,-0.000869253,0.001572392,0.00182263
-0.004644574,-0.003498111,0.001384542,-0.007775071,-0.002370364,0.000810722,-0.000351495
-0.006341208,-0.010326096,-0.000154306,-0.015075122,-0.005237704,0.001752544,0.004159368
0.006293926,0.003952147,0.006128906,0.005962115,-0.001660796,0.000958857,-0.00107833
0.009534551,0.000947465,0.00200185,0.012015048,0.001240034,0.000164734,0.002006967
0.00604821,0.006041406,0.004336946,0.001075406,0.003468618,0.000775415,-0.000892155
0.002118902,0.005399139,-0.001065653,-0.001888336,0.006014559,0.000927991,0.0009702
0.000338627,0.006776732,0.000514494,0.006427756,0.006338695,-0.000789733,0.000391466
0.004521575,0.009832967,-0.003439821,0.011531241,0.006926462,-0.000382824,0.00126626
0.002134744,0.009361281,0.007105406,0.004059487,0.004919499,0.000487614,-7.53465E-05
-0.000673493,-0.002646354,0.001795183,-0.004225447,-0.001481416,-0.000162112,0.002144161
0.002997545,-0.000186627,-0.002736274,0.000380302,-0.004855011,0.000495085,0.000152301
-0.003175303,-0.008782086,0.003931895,-0.006073746,-0.007625542,0.002752126,0.002192743
-0.008762492,-0.005899159,0.003752509,-0.012414937,-0.013273605,0.001335686,0.001960541
-4.64766E-05,0.005574878,0.000320528,-0.001024147,0.002977068,0.001076876,0.002555251
0.002052077,0.000821391,-0.004574816,-0.002649251,0.000279971,0.001978874,0.000565598
0.003237689,-0.002156296,-0.011682314,-0.000600352,0.001792385,0.002329518,0.003425025
0.001286195,0.00479319,-0.005157602,0.012169565,0.00432533,0.001069982,-0.000826881
0.011173526,0.012730585,-0.000414158,0.012124034,0.007228484,-0.002061356,-0.000843117
0.002651815,0.00039533,0.00028273,0.002874469,0.005529744,0.00074193,9.67015E-05
0.006844255,0.011584145,0.000253208,0.006265189,0.011862228,-0.000287313,-0.001332292
-0.00555352,-0.002875005,-0.000819928,0.001185772,0.004032556,-1.40863E-05,0.000524216
0.0072838,0.003036022,0.002725929,0.002748482,0.004009299,-0.00345141,-0.002353685
0.004080851,0.001579392,-0.000223206,0.003730922,-0.000234466,0.001642711,0.00056128
-0.004712292,-0.005033739,0.008321165,0.003756847,-0.006687437,-0.001133659,-0.001280445
0.000889451,-0.000478026,0.003010975,0.00294799,-0.001501399,0.000885377,0.001734763
-0.000894606,0.000695086,-0.003574873,-0.00436313,0.003110232,-0.001766563,-0.002752471
0.006929086,0.007001943,-0.010265378,-0.002834384,0.00131966,0.000215515,-0.000945022
-0.000257197,0.001696008,-0.000732534,-0.00017384,0.003786201,-0.0027095,-0.000187182
0.002204111,0.002485383,-0.004518999,0.003854409,0.004430368,-9.65522E-05,-0.000467042
-0.002667973,0.002047275,-0.005360167,0.004835775,0.002117791,-0.000526723,-0.00039588
0.000246484,-0.000454787,-0.003808173,-0.002348037,0.005080377,0.000115814,-0.000340522
0.000843366,0.000193815,0.005751991,-0.001967077,0.002359548,-0.00109898,0.000657986
-0.000338683,-0.000636887,-0.002488001,-0.000940577,0.000997918,0.001977613,-0.000537391
0.007291647,-0.001821517,-0.003690934,-0.002314702,0.001141936,-0.000444132,0.001339725
0.000532661,-0.007208515,0.00308754,-0.002579814,-0.001670307,0.000771223,-0.000195618
0.002131793,-0.001395189,0.003917743,-0.00775266,-0.001921091,0.000985842,0.000354441
-0.001399914,0.000316008,0.002958726,-0.0005787,-6.87031E-05,0.001907437,0.000813472
0.003937982,0.002183532,0.00039232,0.00584965,0.001280287,-0.002052035,7.00592E-05
0.001533205,0.004829386,-2.64819E-06,-0.002259833,0.001348709,0.001589983,0.002091188
-0.003556484,-0.000587709,-0.003008199,-0.000144035,0.002228794,-0.000249245,0.000432304
-0.00418646,-0.005739464,-0.005123322,-0.000515831,-0.003235469,7.84769E-05,5.15776E-05
0.001962623,0.000286694,0.00245196,0.002019023,-0.000508177,-0.001570407,-0.002031715
0.004385552,-0.012406105,0.002197176,-0.013416559,-0.004825058,0.000954482,0.002804923
-0.01011929,-0.011282246,0.006185486,-0.011258147,-0.012819026,0.00047284,0.000981297
-0.010196343,-0.000351123,-0.005062099,-0.004483604,-0.00383732,0.001277264,0.000121768
-0.003808277,-0.016890412,0.000918882,-0.017452144,-0.01074718,0.000622967,0.000384674
0.002706039,0.000300452,0.003250538,-0.003167606,-0.008571377,3.01116E-06,0.000516135
-0.010829579,-0.011003437,0.007218113,-0.007173147,-0.002637014,0.001467593,0.003100117
-0.005988235,0.008578666,0.003300544,-0.009504774,-0.005467515,0.000980241,-0.00132826
0.000613789,0.003350861,-0.0010961,0.005397178,0.009999167,0.001622608,0.001813448
0.014466052,0.00971683,-0.005294029,-0.003972672,0.009100278,-0.000298736,-0.000943123
-0.000877245,0.002099583,-0.009042119,-0.015613903,0.004564573,0.001422046,0.004099654
-0.008429075,-0.025459662,-0.000638653,-0.002156114,-0.004828071,-0.000311282,-0.00225136
0.002908961,0.005360445,-0.003562575,0.000829253,-0.003322469,-0.000211895,0.000945007
-0.001546265,-0.007684617,0.001761447,0.002972548,-0.004640004,-0.00063201,-0.002012557
0.000609338,-0.01411112,0.000938669,-0.011781681,-0.006614277,0.000747358,0.00471116
-0.013089106,0.002822586,0.005221658,-0.002656875,-0.002948069,8.94756E-05,-0.001084686
0.005289791,0.002879874,0.001168346,0.004361111,0.004981602,0.001363546,0.001802503
-0.005069409,-0.006172113,-0.003862776,0.000270604,-0.006493833,-9.28939E-05,0.000415335
-0.006093016,-0.008394765,-0.00149805,-0.003622474,-0.001911016,0.002094947,0.003657092
-0.005107214,-0.0078139,0.007102841,0.007014549,-0.007362916,0.00055113,-0.000513933
-0.006613427,-0.006075331,0.009752556,0.005833662,-0.004384784,0.001031383,0.003184774
-0.002871209,0.004868332,0.014820241,0.009456727,-0.000496986,0.000745521,0.002015586
0.005630464,0.01466518,0.005812327,-0.000593688,0.004885299,0.001986234,0.00361829
0.013182389,-0.00294279,0.001480028,-0.003000112,0.002454784,-8.53852E-06,0.001259255
0.013118582,0.004128605,0.001424143,-0.00138875,0.006119245,0.001638009,-0.000252926
0.004470692,0.004569946,0.007066126,0.003775508,0.002850976,0.001262961,0.000939009
0.005700966,0.007144238,-0.003299391,0.011752939,0.002374782,-0.000201029,-0.00059993
0.002750519,0.007158807,-0.007638043,0.013533814,0.005858708,-9.64253E-05,0.000266383
0.000634376,-0.004648907,0.003320637,-0.003642509,0.005518569,0.000123467,-0.00130733
-0.000985985,0.003631263,0.007101364,-0.005007859,-0.005603644,0.001269086,0.004400505
0.001386063,0.00179213,0.001874917,-0.006903816,0.001947035,0.000359223,-0.001947919
0.004325604,0.000823372,-0.005124011,-0.005965762,-0.004624709,-0.000841439,0.00015065
0.001622048,0.01950166,0.006175406,0.009734755,0.008112463,0.002762102,-0.001514772
0.005938291,0.007584272,0.008607357,0.016171441,0.009636533,0.000617734,0.004461568
0.008924085,0.007058327,0.017280771,0.015481795,0.005115618,0.001693342,0.00015711
0.000974199,0.001477629,0.012763202,0.004474515,0.002673809,-0.001734156,-0.000640856
7.40326E-05,-0.004671095,0.013540247,-0.002952299,-0.00435894,0.002558372,0.000222935
-0.007911326,-0.00610634,0.005491417,-0.007130458,-0.004114535,1.93583E-06,0.002356408
-0.003023302,-0.003404315,-0.004966951,-0.000740716,7.63621E-06,0.001333994,0.000200044
-0.000214919,0.001106659,-0.004632841,0.005722868,-0.00269235,-0.00195157,-0.001066358
0.005901881,0.00450699,-0.001682844,0.003110259,0.00613968,0.001951765,0.001082488
0.00920373,0.004240328,-0.004966089,0.006490711,0.00734118,-0.000339118,-0.000152328
0.002039226,0.002254649,0.001358888,0.00436699,0.001368323,0.001774362,0.001529525
0.007599901,0.022595146,0.008730253,-0.005453801,0.010015001,-0.000587874,0.00016236
4.59651E-05,0.012495963,0.005174337,0.002645093,0.004922962,0.000695719,-0.000451227
0.001815687,-0.003327306,-0.013557465,-0.002163837,-0.001376768,0.000680213,-0.000846155
-0.005604982,-0.001986862,-0.011306903,-0.013437421,-0.000840902,-9.61966E-05,0.000658458
-4.62388E-05,-0.003981269,0.012503592,-0.004884199,-0.004635201,-0.000885731,-0.002297621
0.002900579,0.006377383,0.004375629,0.004734313,-0.004914902,-0.000864018,0.001267173
0.003735851,0.006844214,0.001911786,0.007292454,-0.00024939,-0.002105869,-0.00439263
0.004709062,-0.000396542,-0.001688439,-0.000941235,-0.002294143,-0.002568532,0.000865152
-0.000176653,0.000207978,0.00422721,0.002599594,0.001499814,0.000438421,-0.001012771
0.000123699,0.001137979,-0.006541775,0.004706045,0.004502886,0.00022057,0.002493236
-0.00691029,-0.004576155,0.009642726,-0.003981369,-0.00206662,-0.000739724,-0.003012068
-0.000504448,-0.001187733,0.0093684,-0.005361169,-0.003028767,0.000631872,0.001081577
-0.002666577,-0.014806062,0.007754426,0.003773274,-0.00146107,0.001743647,0.000344395
0.001610529,-0.002305934,-0.014808399,-0.000984861,-0.002000155,0.00171484,0.001797361
0.003122985,0.011811169,-0.006618286,0.001037589,0.007351063,0.000314626,-0.000473073
0.00573795,0.004540057,0.007897947,0.000322221,0.006962021,0.001592052,-0.000114378
0.00055246,-0.003660585,-0.000998387,-0.001183017,-0.000309028,0.000956642,-7.0166E-05
0.000291173,-0.006947579,-0.009145294,-0.004219631,0.000727106,0.000672853,0.000211244
0.001045977,-0.003299901,0.010377781,-0.003637758,-0.001965477,0.000846837,-0.000734768
-0.000779357,-0.018632924,0.00373207,-0.003614235,-0.010728694,0.001265979,0.002007225
-0.005577205,0.003855852,-0.006802712,-0.004064579,-0.003092975,0.000899729,-0.000250025
-0.011931508,0.004359335,0.00273605,-0.011531501,0.001174494,0.001613237,0.003431737
-0.007166116,-0.015991217,0.015609351,-0.019225636,-0.013872431,0.001970495,0.001375229
-0.019042797,-0.015958676,0.008741155,-0.029884357,-0.017809971,0.002979602,0.005303486
-0.004278355,-0.009260391,0.006787143,-0.007526966,-0.014682585,0.001226938,0.001997543
-0.00199101,-0.005077289,0.012271126,0.004249432,-0.008588382,0.003525829,0.005940987
0.021153,0.01481159,0.015917084,0.009758187,0.013563407,0.000916446,-0.000460144
-0.001378755,-0.019034958,-0.011151401,0.002989856,0.003815454,0.001802044,0.004312596
-0.006078338,-0.010059433,0.007519309,-0.007532998,-0.005467755,0.000593052,-0.001010804
-0.002336258,0.01432925,-0.000546782,-0.008536652,0.007240722,0.00261237,0.004053367
-0.01169237,-0.019720035,0.00862674,-0.003932843,-0.015018482,0.001943222,0.001516622
-0.000530974,-0.004655725,-0.003126896,-0.005371333,-0.011053645,0.002194592,0.003808663
-0.007123117,0.012733199,0.00476723,0.007508611,0.012962369,-7.38759E-05,0.00232449
0.027570932,0.018178327,-0.011529578,0.008696804,0.004957461,0.001750094,-0.002086124
-0.00360503,-0.004098391,-0.005852054,0.00519518,0.005401511,-0.001021064,0.002591463
0.003686669,0.011345807,0.006937102,0.002674338,0.007348138,0.000774231,-0.003830418
-0.0030272,-0.000478654,-0.000915965,-0.006208341,-0.00290034,-0.000273568,0.001458571
-0.013924839,-0.012982652,0.00589501,-0.005316635,-0.003993129,-0.001351061,-0.001202405
0.002812857,0.009887347,0.0085365,-0.010436629,-0.000565563,-0.000923571,0.002073499
-0.011783473,0.006818963,0.013231267,-0.001268045,-0.002400892,0.003691725,0.001340181
0.016448908,0.008342769,-0.006800837,0.003830422,0.005292614,4.89343E-07,0.002388905
0.004959054,0.014238293,-0.002432867,0.004978914,0.008838774,-0.001607205,-0.001125337
0.007264764,0.000528393,-0.001645961,0.012829699,0.004491303,0.001985886,-0.001821597
-0.002069395,0.000339122,-0.003439706,0.005164698,0.002637568,-4.99757E-05,0.002794526
-0.003767949,0.005345056,0.012930979,-0.01245878,0.006567892,0.000911349,-0.00044551
0.004828378,0.007959122,0.006544585,0.012062385,-0.001697611,-0.001004479,0.000740786
0.004477115,0.013491828,-0.012312864,0.015288687,0.010032787,-0.00324245,-0.001253016
0.017249023,0.000726488,-0.019260144,0.005499458,0.008117483,-0.000934605,0.000240286
-0.003654449,0.002807196,-0.003628746,0.003649448,0.002366339,-0.002280645,-0.001276457
-0.001293943,-0.00834494,-0.004088401,-0.002072306,0.001246908,-0.001022393,-0.00285799
0.005311066,0.004247502,0.000587402,0.005459662,0.002871807,-0.003466943,-0.005882868
0.002739777,0.004833803,0.00071747,0.008855262,0.002281226,-0.002330988,-0.001685398
0.004325213,0.007223508,0.002603973,0.001383254,0.004743593,-0.001422096,-0.005115897
-0.004502083,-0.008601679,-0.004796138,0.00185733,-0.001338487,-0.001182748,0.000936036
0.001439936,-0.007307727,0.001685488,-0.005207396,-0.001723219,-0.004874489,-0.003211051
0.001020688,0.003424103,0.005329345,-0.001635048,-0.002539113,0.005221214,-3.63961E-05
-0.000307869,0.008211812,-0.001257213,-0.001564078,0.000765663,-0.002944202,-0.000937277
-0.001961777,0.003060669,0.005297701,0.000596606,0.006756356,0.000643117,0.002989678
-0.002789991,-0.010016264,0.012583489,-0.001937179,-0.001367273,0.003003544,6.18758E-05
-0.004325045,-0.002270734,0.002892126,-0.00488568,-0.004127044,0.003953338,0.004968805
-0.000222773,-0.003188815,-0.012756295,-0.005587861,-0.004568101,-0.000898628,-0.002782072
-8.14893E-05,0.005188249,-0.005037539,0.002614419,-0.003150468,0.001631171,0.00200924
-0.001898433,0.004292689,-0.002275718,-0.006118389,0.004692097,-0.000214834,0.001984098
-2.90076E-05,0.002588131,-0.012129064,-0.002099369,0.006503913,0.002408053,0.004314599
-0.006470924,-0.004141702,-0.003868827,-0.002003361,-0.00253671,-0.001118302,-0.002423327
-0.011464487,-0.027147714,0.005721813,-0.007283118,-0.017258219,-0.002112963,0.003516899
-0.008194041,-0.003999388,0.016783203,-0.000970234,-0.014127923,0.001531097,0.000743039
0.01203187,0.006106621,-0.004274082,0.006484377,-0.001692142,-9.70319E-05,0.005164871
0.00545817,0.010347791,-0.008257227,-0.002428659,0.005323767,-0.000188483,-0.001298798
-0.006663376,-0.008357152,0.006317148,-3.91217E-06,0.003234101,-0.000344506,0.000143787
-0.007245357,0.000658724,0.007205041,-0.000642942,0.001666603,-0.001241366,-0.000245276
0.00380896,0.010510904,-0.007660826,0.001570106,0.003027646,-0.00103553,-0.000583645
0.016081402,0.017421187,-0.005963517,0.014249346,0.011176619,-0.002746317,-0.004618493
0.001698672,0.003365695,0.000314662,0.008443013,0.008994021,-0.00249711,-0.000895606
0.004089097,0.004430055,-0.001215142,0.001226175,0.008373228,-0.00125884,-0.002073236
0.003470519,0.008845752,-0.004489515,0.00479578,0.0098338,-0.002028277,0.000482302
0.002638449,-0.004588439,0.003101759,0.004088441,-0.006287239,-0.003405988,-0.003746319
-0.003387682,0.000729147,0.004091164,-0.003432463,-0.002122583,-6.60603E-05,0.00041317
0.000947381,0.000896181,-0.002935505,0.002012979,0.000102462,-0.001447656,-0.001983895
0.004664865,0.005506814,-0.005770932,0.005611632,0.004338325,-0.001089576,0.001462184
-0.000985888,-0.007081695,0.008427876,-0.000458546,-0.000427602,-0.000857295,-0.003162696
0.002691083,0.00699978,0.005534661,0.003981916,0.002807288,0.003038916,0.001145898
0.000595003,0.001431371,0.002930515,0.001160392,-0.00122329,-0.001818753,-0.001600896
0.008227948,0.006902746,-0.005641706,0.003354168,0.00465854,-0.001900546,0.001314452
-0.001050553,-0.000708259,-0.00450633,0.003935826,-0.000919091,0.000950048,-0.001257057
0.00439564,-0.002415897,-0.000713221,-0.00278302,9.46064E-05,0.000475558,0.001511262
-0.003941481,0.002285421,0.012877491,-0.001226598,-0.001617807,0.000360071,0.000900223
0.007866907,0.009579315,0.005130828,0.0074843,0.00183518,-0.001125141,1.1702E-05
0.002400963,0.015554076,-0.002951346,0.012408595,0.005924838,7.34195E-05,0.000802631
0.004962033,0.003890198,-0.012784521,0.010031828,0.007260881,-0.001121378,-0.001203023
-0.001579219,0.001505931,-0.004608994,-0.001965006,0.005986142,0.000252348,0.002022964
0.000555588,0.003376292,-0.00617912,0.002343375,0.004186836,-0.003592909,-0.006212385
0.004082334,0.002505227,-0.0087079,-0.004943318,-0.000295566,-3.49552E-05,-0.000886096
-0.001084573,-0.000573042,-0.005054532,-0.01318434,-0.000971422,-0.003792691,-0.003798771
0.002140926,0.009435789,-0.00190465,-0.000320553,0.002123421,0.002066267,0.005881631
-0.002016956,-0.004856196,0.007921651,-0.00692096,-0.002307462,-0.000248791,-0.001939154
0.00375758,-0.005513496,-0.002221643,-0.004905745,-0.001269036,0.000967854,0.002731474
0.003199789,0.004318845,0.006169891,0.00786935,0.001086811,0.000415731,-0.004617601
0.003052449,-0.005829894,0.000143242,0.003617718,-0.001768169,0.002245808,0.004634909
0.001731726,-0.003391798,0.002225262,0.004108841,0.000299838,-0.001133506,0.000498189
-0.003670698,-0.000886197,-0.001058039,-0.001393802,-0.000477298,0.002772072,0.002866368
-0.002157432,-0.002623523,-0.000980198,-0.010336072,-0.005421118,-0.000214636,-0.001929959
-0.00057421,-0.00147072,-0.005982034,0.002373811,0.00125227,0.000125878,0.003093897
0.006146348,0.009194667,-0.002311468,0.005475502,0.003652111,-0.000298116,0.00012907
0.004992397,0.001869628,-8.26458E-05,-0.004185934,0.001288341,0.002461269,0.003570678
0.003152355,-0.000279438,-0.001642703,0.002991484,0.003996314,-0.000980515,-0.001975792
0.0019524,-0.005020823,-0.001487792,0.000439335,0.00014668,0.000200229,0.000167016
-0.003189272,-0.005634812,0.00438244,-0.009391051,-0.004399103,-0.000504811,-0.001312508
-0.005993631,-0.018348293,0.001348867,-0.002624889,-0.008040142,-0.001554459,0.000970243
-0.007971171,-0.00380959,0.007542552,-0.001547348,-0.01101434,0.000306175,0.001055469
0.000633262,0.011264622,0.000260934,-0.002384506,0.00210889,-0.000946004,-0.001879905
0.003457809,-0.00091129,0.003088003,0.006916333,0.000826308,8.59251E-05,-0.000111428
0.008690124,0.00906644,-0.007897374,0.00613112,0.006863752,-0.002320031,-0.002281255
-0.000771932,-0.008828021,-0.005059256,0.002569137,0.005078799,-9.29007E-05,0.003619071
-9.09979E-05,0.003888349,0.003274764,-0.000151313,-0.004259796,0.000215777,-0.004683177
-0.001673567,0.00470001,0.004911681,0.00456276,0.003299822,0.001567745,0.0036248
0.006287758,0.007802079,0.001808876,0.012161556,0.001863992,-0.00517364,-0.006736921
0.005001428,-4.5666E-05,-0.002648322,0.015129283,0.003711969,0.003400877,0.005396871
0.00418734,0.005124974,0.004615979,0.004049112,0.013841898,-0.001885763,-0.002720796
0.003867252,0.007755521,-0.001389912,0.009619242,0.001033177,0.00157562,0.002656603
-0.001292949,-0.003493622,0.001509522,0.008950494,-0.004059382,-0.002655917,-0.007571007
0.003571507,0.007243242,-0.001384469,-0.001606112,0.002665011,9.9991E-05,0.004602565
0.00227009,0.006555532,0.005230117,-0.001787659,-0.001724079,-0.001290161,-0.004131266
0.004982575,0.002237086,-0.000322358,0.004125798,0.006672366,0.001496787,0.004416849
-0.000110079,-0.003386627,0.007559682,-0.001808021,0.001400014,-0.001937316,-0.004132649
0.000668808,0.001866903,0.004242289,0.000814818,0.000160853,0.000192351,0.002351824
0.000431903,-0.002694631,0.00592794,0.001642334,-0.00111181,-0.000767013,-0.000984824
0.00426492,-0.001608044,2.79638E-05,0.005571709,0.000404316,0.001544818,0.001990824
-0.003060349,-0.011764645,0.004269728,0.002155836,-0.004367481,-0.002714919,-0.001068931
-0.001643846,-0.001605399,0.001406195,-0.00370459,-0.002028099,-0.000738821,0.000459249
0.000558264,-2.06875E-05,-0.000617707,-0.001777653,-0.001067286,-0.001101306,0.000365154
0.006327996,0.013061068,0.006424625,0.010461737,0.003854358,0.001647832,0.000833554
-0.001468452,-0.003356835,0.010392016,0.000543471,0.002823861,0.000961124,0.001682037
0.000763962,-0.005640366,0.013494845,-0.010679975,-0.001266327,0.00068173,0.000772573
-0.003339649,0.004875447,0.005354672,-0.000409362,0.000340978,0.000484961,0.000380563
0.004108974,0.003981973,-0.00537063,-0.000707272,-0.000248759,0.001065186,-0.00059207
0.004621418,0.00910603,-0.006870272,0.010697259,0.003651239,-0.001685835,0.002113858
0.001044354,0.000126922,0.003790872,0.009606341,0.003726315,0.000600006,-0.001577883
0.005409635,-0.003936874,-0.001633605,0.005613335,0.000694703,-0.002632849,-0.000138587
-0.002392102,-0.000870776,-0.004086066,0.003342597,-0.000758192,0.000277912,-0.001123356
0.005481012,-0.003739413,-0.001756134,-0.004267997,-0.001538927,-0.00022612,0.00410884
0.000213218,0.003225984,0.00573912,-0.002772248,-0.002974355,0.000820113,0.000972347
0.009281773,0.009441307,0.000324456,0.007346985,0.007544228,-0.000229547,-0.001140962
0.001275221,-0.003488667,-0.002253749,-0.001244058,0.003129459,-2.9177E-05,-0.001919528
-0.001584498,-0.006672033,0.00500347,-0.012214673,-0.00150519,0.000487542,0.001144504
-0.000546441,-0.006595094,0.001828954,-0.000630108,-0.002259883,0.002508627,0.001724445
-0.001876414,-0.000705307,-0.002544167,-0.004011592,-0.008125698,0.000959993,0.001637184
-0.00092165,0.009775227,0.006175283,-0.00600524,0.001607481,0.000955059,0.001268188
-0.013401633,-0.016088524,0.008027878,-0.011624962,-0.007759524,0.00352468,0.004642408
-0.002817881,0.014391233,-0.00458995,-0.00506069,-0.006206295,0.00081879,0.00071914
0.00309748,0.012263216,-0.001773867,-0.002323316,0.00821033,0.002028702,0.002044928
0.005269032,-0.014534881,0.002071545,-0.016640654,-0.009227273,0.000245987,-0.00024465
-0.010557771,-0.019074954,0.006918481,-0.017915867,-0.005996653,0.003692341,0.004680678
-0.003640729,-0.001019136,-0.001258225,0.00046559,-0.002636233,0.000166787,0.000119349
0.007316532,0.020316664,-0.014607832,0.017979182,0.003196867,0.000187724,0.000512426
0.016764518,0.015031617,-0.003832765,0.012238358,0.016032037,-0.002276404,-0.002783318
0.008419261,0.014441576,0.002796804,0.00785969,0.013883589,0.001440531,0.001905392
-0.005556321,-0.006543276,0.010254962,-0.005016833,0.00191827,-0.001556098,-0.000207499
0.005525585,0.007640337,-0.003684354,-0.006809445,0.005447046,0.000206681,-0.001279701
-0.001836609,0.003379943,-0.000461339,0.006176275,-0.0031437,-0.001003399,-0.000439892
0.011134191,0.008088076,-0.000245506,0.012301414,0.005469374,-0.000183891,0.000342445
-0.003221231,0.001877829,0.002943611,-0.003190046,0.005631096,-0.000103945,0.001750559
0.005158891,0.000627515,0.004183685,0.002011174,0.002996769,0.00120297,-0.000740105
-0.001257691,0.006404322,0.004839658,0.000724306,-0.001134408,-0.00017393,-0.002310833
-0.001824341,0.00555214,0.005712772,-0.008127267,-0.005112305,-0.000568134,-0.000408249
0.001850209,0.009181308,0.007287577,0.001569078,0.002305505,0.000620264,0.002370369
-0.002568318,-0.011024061,0.007726537,-0.003300813,-0.00091345,0.002279157,0.004123518
-0.002594492,-0.014254624,0.008394012,-0.011541321,-0.006594813,0.000494025,0.001230131
-0.026000782,-0.044906903,0.011470197,-0.022054528,-0.018686677,0.00119676,0.002334522
-0.02931483,-0.024685375,0.00049701,-0.006662305,-0.030803628,0.001635783,0.000910429
-0.020574091,0.013771435,-0.01002685,-0.008154522,-0.012322348,0.001477779,0.004984957
-0.023432412,-0.022120611,0.001195481,-0.011579907,-0.020286813,0.002155442,0.002107266
-0.017719119,-0.028548481,-0.01332827,-0.022458252,-0.027621741,0.00260259,0.007084576
0.009532386,-0.027033029,-0.018554125,0.00425622,-0.012346844,0.00339187,0.002027599
0.009986858,0.004324724,0.011677212,0.013819906,-0.006174515,0.001942902,0.004415813
0.017150903,0.009230165,0.028773392,0.011380134,0.007174665,0.000294094,0.001137126
-0.01637834,-0.009441074,0.007781724,0.000175704,0.008252723,0.002790971,0.008011874
-0.011699446,-0.039169039,-0.005526942,-0.019706133,-0.025926412,0.00500911,0.00705048
-0.06173487,-0.091182901,0.017740406,-0.060955758,-0.046442398,0.004359223,0.010179247
0.004052893,-0.049695469,-0.007544951,-0.003713234,-0.053909697,0.001946677,-0.004976221
-0.02331325,-0.002724163,-0.024780646,-0.004329537,-0.027974195,0.003350689,0.002516824
-0.048347678,-0.130193081,-0.015975012,-0.059009298,-0.0616588,-0.000132379,0.000924696
0.00177012,0.017174139,-0.031967966,-0.007136739,-0.03352204,-0.002404274,0.000264475
-0.069225611,-0.037740194,-0.023962457,-0.036780329,-0.034597219,-0.003962128,-0.005601803
0.043423287,-0.002042788,-0.003246671,-0.033603837,-0.042989102,-0.005490637,-0.005860668
-0.073024281,0.016870596,0.000470673,-0.019362933,0.007925816,-0.010132808,-0.007614652
0.036174585,-0.01815516,-0.030723829,-0.045678624,-0.016830362,-0.003735503,0.005280695
-0.064876373,0.036578395,0.008412367,0.032101861,0.031350464,-0.006136541,0.005567226
0.00036025,-0.010327691,0.038295505,-0.010380866,0.015793371,-0.000555218,-0.008752516
0.020510398,0.084678521,0.053423967,-0.001324723,0.02190834,-5.97623E-05,-0.000347552
0.014429453,-0.001636189,0.002045104,0.070566053,0.049879966,-0.008109741,0.003511792
0.101236126,0.041292463,0.006018406,0.011008003,0.038030394,-0.000867143,0.009986326
-0.052226865,-0.046648606,-0.005294516,-0.008965897,-0.007469508,0.009801397,0.009937982
0.062268364,0.001078102,0.004741327,-0.009262768,-0.006985066,0.001641443,-0.007695568
-0.042500781,0.011934816,-0.015180314,-0.001481687,-0.014758228,-0.004965925,-0.004475022
0.004543376,-0.023569367,-0.015113579,-0.000183163,-0.001626982,0.00397117,0.007935348
-0.016906528,0.011795124,0.020355198,-0.007236159,-0.018162507,0.002323511,0.011085455
-0.011013877,-0.028517105,0.006474231,0.00332895,-0.005550497,0.003551151,0.002650486
0.067900999,0.037975532,0.01096631,0.020732521,0.018863697,-0.004713553,-0.006990922
-0.009425654,0.021664558,-0.002210673,0.032694575,0.021198637,-0.002835785,-0.00214623
0.050949703,0.000659841,0.013316171,0.003619165,0.015053561,-0.00075294,-0.0016036
-0.015763377,0.014001777,0.003079549,0.001144839,0.015159365,0.0012411,0.004616616
0.029310117,-0.000691911,0.017773408,0.012217627,0.015916686,-0.002511903,-0.004449707
-0.005131743,0.00501352,0.017701795,-0.01195514,-0.012336755,-0.000535563,-0.000554943
0.003179897,-0.008354649,-0.000116842,0.011830851,0.006864483,-0.001392464,-0.001831016
0.017996376,-0.033974904,-0.000506682,-0.001948688,-0.009724279,0.004382033,0.005912542
-0.015479144,-0.015094364,-0.000212736,-0.00969109,-0.018600745,0.002743276,0.000232012
0.026090653,0.023444781,-0.016678622,0.020029498,0.016916161,0.000163841,-0.001284004
-0.011007268,-0.000819413,-0.003360457,0.002424848,-0.005271741,-0.000919297,-0.0008288
-0.009539173,-0.027813493,0.003130174,-0.022585766,-0.003336671,0.003449172,0.005197038
-0.014839511,0.005581817,0.007616737,0.004623561,0.000926958,-0.000598652,0.00116127
0.009602534,0.01788537,0.010215338,0.006595842,-0.002357321,0.000111922,-0.000720931
0.012279326,-0.004835887,0.00244311,-0.010926369,-0.005943428,-0.001362448,-0.001236209
0.019299183,0.028775919,-0.001749533,0.011105772,0.015615372,0.001922954,0.000677754
-0.005578533,0.010298959,-0.012603963,0.012881888,0.01192001,-2.49196E-07,0.002622231
0.016550915,0.028034653,0.008374095,0.014984277,0.022123383,-0.000263441,-0.00134097
0.004643014,-0.013433242,-0.009128531,0.013053808,0.006385574,0.002460874,-0.002446055
-0.015304423,-0.008177714,-0.000991295,-0.010461218,-0.014250201,0.003492945,-0.000706771
-0.018855814,-0.030051605,-0.001263815,-0.030248824,-0.017964331,-0.000644816,0.002150128
0.013540932,0.01164565,0.008382361,0.000763941,-0.003549812,-0.000137939,-0.003567124
-0.000176563,-0.002527363,-0.010607758,0.005556309,-0.005234238,0.000335184,-0.00042392
0.005716974,-0.00836422,0.000797144,-3.15419E-05,-1.03382E-05,0.001309257,-0.000230663
0.011856337,0.021348447,0.011806377,0.013179705,0.022892224,-0.002322379,-0.000805096
0.003715112,-0.011754057,-0.005051002,0.011614541,-0.006009811,-0.00124301,-0.000936288
-0.002947442,0.017384783,-0.003824598,-0.008071028,-0.001561963,0.000302288,-0.000609177
-0.024815281,-0.023360004,0.004619633,-0.00080512,-0.012202474,-0.000120465,0.002660415
-0.006457535,-0.012470967,0.019025311,-0.010655051,-0.017827036,-0.001065434,-0.000291882
0.012756765,-0.009545044,-0.003362301,-0.003579274,-0.009801907,0.002009673,0.001394966
0.024452434,0.033001771,0.003299193,0.014175717,0.025411481,-0.003905065,-0.003713433
0.001290152,-0.014392468,0.000937826,0.014132314,0.009502573,0.000589364,0.001548317
0.011113798,0.003409185,0.005200191,0.008995379,0.01890733,-0.000765394,0.001736207
-0.005395274,-0.002107138,-0.007969588,0.001240711,0.003326678,0.000362785,-0.001329836
0.002181679,0.003688948,-0.001096407,-0.024524265,-0.012317192,-0.000826692,-0.002852877
-0.002355227,0.026036431,-0.002687195,-0.00360684,0.013859408,-0.000231775,0.002999268
0.007650685,0.006676852,-0.001816076,0.018416824,0.010641371,-0.002457558,0.000781329
0.019237653,0.010255729,-0.011179171,0.004364798,0.018211926,0.000407429,0.000954708
-0.000251294,0.016027168,-9.2607E-06,-0.00235696,0.021439737,-0.001922202,-0.003869484
0.010549569,0.003364003,0.014120531,0.006120029,-0.003685757,0.000289835,-0.000571143
-0.009471686,0.004714073,0.004778091,0.018157573,-0.00839265,-0.00284403,-0.000575992
0.016320144,0.03169811,-0.006062088,0.021644138,0.019899566,0.000429549,0.002549733
0.005370434,0.026693599,-0.009390846,0.017413171,0.01604999,-0.003437467,-0.003823995
0.008390465,0.011684803,-0.002325334,0.004756522,0.023800427,0.000364213,0.000401321
0.01235055,0.017310746,-0.006919591,0.01061742,0.018607713,-0.005325474,-0.005855113
0.014852044,0.010194873,0.000667899,0.007776108,0.008323314,1.19761E-05,-0.000209104
0.007387044,-0.016526213,0.005658771,0.00077677,-0.008274144,-0.001668367,-0.002737543
-0.010753315,-0.002593065,0.013786716,0.000849478,-0.004433663,0.002726631,0.003808044
-0.034815116,-0.049021868,0.005618031,-0.012179383,-0.028543991,-0.00055739,0.002092327
-0.016701871,6.20719E-05,-0.011677112,-0.01308319,-0.015542241,0.003626703,0.002504783
-0.001183683,0.003968846,0.004549826,-0.01425135,-0.002713264,0.002121451,0.000362707
0.030988229,0.029258453,0.001154795,0.011542914,0.002399518,0.000810434,-0.000934918
-0.00081729,0.004659666,0.001945992,0.014889194,0.021579735,-0.000185664,0.000487533
0.002682192,-0.006904108,-0.007454727,0.000553466,0.008025389,0.003364558,-0.001379473
-0.008472678,0.006690095,0.012644074,0.00354602,-0.003726935,0.000496165,0.003016129
-0.0035496,-0.007992595,0.003763447,0.003555649,0.00029599,-0.000363376,-0.000456397
0.014398998,0.021938912,0.009116784,0.00580531,0.000664202,0.000313635,0.003453451
-0.022567598,-0.031264853,-0.001596123,0.004492637,-0.005529265,0.001119513,1.24022E-05
0.009674671,5.1971E-05,0.000591221,-0.011720603,-0.00353907,0.000410914,-0.000244621
-0.022087767,-0.0053351,0.004293393,-0.00410677,-0.00324058,0.001415321,-0.000643472
0.008861974,0.012026421,0.002199812,-0.003346989,-0.002768484,-0.000150546,-0.000354533
0.002980733,0.003079895,0.003729622,-0.002150465,0.001840188,-5.85384E-05,0.002254305
0.018260287,-0.008361737,-0.004393987,0.007735658,0.003593337,-0.001827945,0.000313973
0.003198495,0.029503219,0.001392276,0.01837715,0.012459959,0.002046922,0.000820873
-0.001115958,-0.007325962,-0.001341947,0.015633049,0.007046048,-0.002979333,-0.002090613
0.012329497,0.018274764,0.004313879,0.021814571,0.006739957,0.001117465,0.000176847
-0.008115138,-0.004546675,0.006066963,0.000554714,0.003178358,-0.001175023,0.000286583
0.014516732,-0.001838154,0.00651159,0.007033197,-0.003258629,0.000264873,0.001597844
-0.013934821,-0.017018301,0.003364006,0.012454324,-0.009406747,0.001329519,0.001820195
0.013897476,0.005915267,-0.005429267,-0.006499079,0.000335548,0.002195592,-0.000482908
-0.004387903,0.013985444,0.000340744,-0.004718374,0.005974317,-0.003788684,0.000478608
0.004115572,-0.005542072,0.003821588,-0.003253861,0.006377684,0.002504129,-0.00030636
0.008918291,0.020619558,0.004635328,-0.002256643,0.007725613,-0.000706942,0.002204559
0.002595453,-0.000800895,-0.007863045,-0.008174497,0.000516232,0.002774537,-0.001027459
0.005145651,0.00830214,0.00152477,-0.001635483,0.000604489,-0.002204384,0.000719984
-0.003801919,0.007861579,0.006002402,0.011801702,0.003621402,0.000481672,0.000256035
0.012356397,0.005002418,0.011008015,0.020629698,0.005971225,-6.69464E-05,0.000694814
-6.42431E-05,-0.004067406,0.013292065,-0.003086608,-0.001773474,0.00341079,0.001322802
-1.77751E-05,-0.00547011,0.012826934,-0.002586378,0.001529399,-0.002567872,-0.001049283
-0.012595039,-0.017359133,0.010426869,-0.015237676,-0.01327053,0.000930918,0.001286104
0.002243139,-0.008124652,0.011272959,0.0064927,-0.012518306,-0.000249221,-0.000235416
-5.51839E-05,-0.00056603,0.01334109,0.009689984,0.003674806,0.002193403,0.001712144
0.005389496,-0.005451102,0.00978802,0.0062373,-0.008131427,0.000244882,-0.000294337
0.000672194,-0.025270907,-0.002618125,-0.003700158,-0.007190397,0.001308289,0.001431554
0.006945597,-0.014108209,0.001123019,-0.000602057,-0.014424766,-0.001135217,-0.000197951
0.001554257,0.013742254,0.007779247,-0.004143355,-0.000424132,0.002590313,0.001042813
0.009132845,0.01101075,0.010241182,0.009906607,0.004254711,0.000671479,0.000650311
0.003156828,0.011548603,0.014505895,0.011326852,0.009021578,-0.00233592,0.001180707
0.005458196,-0.014792725,0.011234304,0.006204065,0.002113311,0.002272292,-0.000616129
0.007328018,0.000972414,-0.001245096,-0.012031407,-0.002855438,-0.001597552,-0.00126603
-0.002769757,0.005824645,-0.014519641,-0.007220554,1.13584E-05,0.000276621,0.000685322
0.001069263,0.026771207,-0.030464762,0.003391355,0.00829413,-0.001413662,-0.003420348
0.000877979,0.012840446,-0.027303367,0.003237622,0.013224067,-0.001181514,0.00050147
0.005257337,-0.005801976,0.015187873,0.001734592,0.010074182,-0.003990176,-0.005066732
0.002867739,-0.010373268,0.010324318,-0.000514703,-0.004541163,0.001218627,0.000217484
-0.002043286,-0.008078794,0.012454804,0.003809306,-0.010856283,-0.002377692,-0.003089363
0.002596389,-0.001715495,-0.00612153,0.00721125,-0.003689265,0.001427464,0.002210497
0.00020718,0.006200982,0.002878869,-0.004946286,0.000419918,-0.001310546,-0.00268749
-0.001954302,-0.007857467,-0.019452369,-0.016811261,0.001495386,0.002455273,0.002917882
0.004627357,-0.00912297,-0.002273883,0.004247195,-0.008638386,0.000161028,-0.001408794
0.004368554,0.020036217,0.011950916,0.017277718,0.00992483,0.001542757,0.001158215
0.010923503,-0.002016722,-0.00402995,0.008728002,0.001653361,-0.002846001,-0.001683393
0.004413727,0.005267757,-0.009325793,0.003395897,0.006749616,-0.00053288,0.001216732
0.005106331,-0.011324716,0.012150253,-5.96178E-05,0.007860442,-0.001586664,-0.002118223
0.005543857,-0.004006107,-0.000660748,0.000974262,-0.007214962,0.000178157,0.001146045
0.001096012,-0.006604553,0.003505772,-0.012019602,-0.00792787,-0.002230545,-0.001240962
0.002941487,-0.004038607,0.009270429,0.004678493,-0.005462575,-0.000399723,0.001247632
0.011999141,0.010816705,-0.003260973,0.006856704,0.003431215,0.001136256,-0.000170339
-0.011893957,-0.011927715,-0.02273372,-0.007884656,0.005582367,0.002723618,0.003043113
-0.01527787,-0.006375062,0.008822921,-0.009497882,-0.007603962,-0.000367561,-0.002467296
